{"cameraMode":{"drawMode":0,"name":"Shaded","section":"Shading Mode"},"sceneLighting":true,"audioPlay":false,"sceneViewState":{"showFog":true,"showMaterialUpdate":false,"showSkybox":true,"showFlares":true,"showImageEffects":true,"showParticleSystems":true,"showVisualEffectGraphs":true,"m_FxEnabled":true},"in2DMode":false,"pivot":{"x":610.3217163085938,"y":306.0699768066406,"z":-17.2469482421875},"rotation":{"x":0.004809454083442688,"y":-0.00000510742211190518,"z":-1.0750496670652865e-7,"w":0.999988317489624},"size":324.81024169921877,"orthographic":false}