{"cameraMode":{"drawMode":0,"name":"Shaded","section":"Shading Mode"},"sceneLighting":true,"audioPlay":false,"sceneViewState":{"showFog":true,"showMaterialUpdate":false,"showSkybox":true,"showFlares":true,"showImageEffects":true,"showParticleSystems":true,"showVisualEffectGraphs":true,"m_FxEnabled":true},"in2DMode":false,"pivot":{"x":-7.314302444458008,"y":0.8152958154678345,"z":-5.0581769943237309},"rotation":{"x":-0.0010206151055172086,"y":0.9906691908836365,"z":-0.13607244193553925,"w":-0.007430423982441425},"size":4.873867034912109,"orthographic":false}